{
  "eye": {
    "orientation": [
      0.9969099760055542,
      0,
      0,
      -0.07855302095413208
    ],
    "magnitude": 1,
    "position": [
      0,
      69.44634246826172,
      -437.9342346191406
    ]
  },
  "radius": 256,
  "type": "ORTHOGRAPHIC"
}