{
  "eye": {
    "orientation": [
      0.3603139817714691,
      -0.5172029137611389,
      0.6212368607521057,
      0.4655531644821167
    ],
    "magnitude": 0.44214120507240295,
    "position": [
      -100.41553497314453,
      -297.9270935058594,
      38.324562072753906
    ]
  },
  "radius": 200,
  "type": "ORTHOGRAPHIC"
}